id,name,marks,subject
1,Mohan,90,Python
2,Rohan,34,Java
3,Amit,78,Python
4,Neha,85,Java
5,Priya,92,Python
6,Rahul,56,C++
7,Kiran,67,Python
8,Sneha,73,Java
9,Vishal,45,C++
10,Anjali,None,Python
11,Arjun,39,Java
12,Pooja,95,Python
13,Nikhil,61,C++
14,Meera,82,Java
15,Raj,28,Python
16,Kavya,76,Python
17,Suresh,49,Java
18,Divya,91,Python
19,Manish,63,C++
20,Isha,37,Java
21,Varun,None,Python
22,Riya,58,C++
23,Akash,72,Java
24,Komal,96,Python
25,Deepak,41,C++
26,Simran,69,Java
27,Yash,33,Python
28,Tanya,87,Java
29,Harsh,54,C++
30,Aarti,79,Python